,NoDur,Durbl,Manuf,Enrgy,HiTec,Telcm,Shops,Hlth ,Utils,Other
192607,90,37,127,51,18,5,41,7,21,113
192608,90,37,127,51,18,5,41,7,21,113
192609,90,37,127,50,18,5,41,7,21,113
192610,90,37,127,50,18,5,41,7,21,113
192611,90,37,127,50,18,5,41,7,21,113
192612,89,37,127,50,18,5,41,7,21,112
192701,89,37,127,49,18,5,41,7,21,112
192702,87,37,127,49,18,5,41,7,21,111
192703,87,37,127,49,18,5,41,7,21,111
192704,87,37,127,49,18,4,41,7,21,110
192705,87,37,127,49,18,4,41,7,21,110
192706,87,37,126,49,18,4,41,7,21,110
192707,98,43,129,55,19,5,46,7,23,122
192708,98,43,128,55,19,5,46,7,23,122
192709,98,43,128,55,19,5,46,7,23,122
192710,98,43,128,55,19,5,46,7,23,122
192711,97,43,126,55,18,5,46,7,23,122
192712,97,43,126,55,18,5,46,7,23,122
192801,96,43,126,55,18,5,46,7,23,122
192802,96,43,126,55,18,5,46,7,23,122
192803,96,43,125,55,18,5,46,6,22,122
192804,96,43,125,55,18,5,46,6,22,122
192805,96,43,125,55,18,4,46,6,22,122
192806,96,43,125,55,18,4,45,6,22,122
192807,105,45,139,56,19,4,51,6,23,122
192808,105,44,139,56,19,4,51,6,23,122
192809,105,44,139,56,19,4,51,6,23,122
192810,105,44,139,56,19,4,51,6,23,121
192811,105,44,139,56,19,4,51,6,23,121
192812,104,44,139,56,19,4,51,6,23,121
192901,103,43,139,56,19,4,51,5,23,120
192902,103,43,139,56,19,4,51,5,23,120
192903,103,43,139,56,18,4,51,5,23,120
192904,103,43,139,56,18,4,51,5,23,120
192905,102,43,139,56,18,4,51,5,22,120
192906,101,43,139,56,18,4,51,5,22,119
192907,122,50,169,61,20,4,60,6,23,132
192908,122,50,168,61,20,4,60,6,23,132
192909,122,50,168,61,20,4,60,6,23,131
192910,121,50,168,60,20,4,60,6,22,130
192911,121,50,168,60,20,4,60,6,22,130
192912,120,50,168,60,20,4,60,6,22,129
193001,120,50,168,59,20,4,60,6,22,128
193002,119,49,168,59,20,4,60,6,22,128
193003,119,49,167,59,20,4,60,5,22,128
193004,118,49,166,58,20,4,60,5,22,127
193005,118,49,165,58,20,4,60,5,22,127
193006,117,48,164,58,20,4,60,4,22,126
193007,117,53,196,59,27,4,70,5,23,143
193008,117,53,196,58,27,4,70,5,23,143
193009,117,53,196,57,27,4,70,5,23,143
193010,117,53,195,56,27,4,70,5,23,143
193011,117,52,195,56,27,4,70,5,23,143
193012,117,52,195,56,27,4,70,5,23,143
193101,117,52,194,56,27,4,70,5,23,142
193102,117,52,192,56,27,4,70,5,23,142
193103,116,52,192,56,27,4,70,5,23,141
193104,116,52,192,56,26,4,70,5,23,141
193105,116,51,192,56,26,4,70,5,23,141
193106,116,51,192,56,26,4,70,5,23,140
193107,119,51,204,57,26,4,72,6,23,141
193108,119,51,204,57,26,4,72,6,23,140
193109,119,51,204,57,26,4,72,6,22,140
193110,118,51,203,57,26,4,72,6,22,139
193111,118,51,203,57,26,4,72,6,22,139
193112,118,50,201,57,26,4,72,6,22,138
193201,118,50,201,57,26,4,72,6,22,138
193202,118,50,201,57,26,4,72,6,22,138
193203,117,50,200,57,26,4,71,6,22,138
193204,116,50,200,56,26,4,71,6,22,134
193205,115,50,200,55,26,4,71,6,22,134
193206,113,50,199,55,26,4,69,6,22,132
193207,113,51,203,54,25,4,69,6,22,133
193208,112,50,203,54,25,4,69,6,22,133
193209,111,50,203,53,25,4,69,6,22,133
193210,111,50,203,53,25,4,69,6,22,133
193211,110,50,203,53,25,4,69,6,22,133
193212,108,50,202,53,25,4,69,6,22,132
193301,108,50,202,53,25,4,69,6,22,132
193302,108,50,202,53,25,4,68,6,22,132
193303,108,49,201,53,25,4,68,6,22,132
193304,108,49,201,53,25,4,68,6,22,132
193305,108,49,199,53,25,4,68,6,22,132
193306,108,47,198,52,25,4,66,6,22,132
193307,109,47,201,54,27,4,66,6,22,138
193308,109,47,201,54,27,4,66,6,21,138
193309,109,47,201,54,27,4,66,6,21,137
193310,109,47,201,54,27,4,66,6,21,137
193311,109,47,201,54,27,4,66,6,21,137
193312,109,47,201,54,26,4,66,6,21,137
193401,109,47,201,54,26,4,66,6,21,136
193402,109,47,201,54,26,4,66,6,21,136
193403,109,47,201,54,26,4,66,6,21,136
193404,109,47,201,54,26,4,66,6,21,136
193405,109,47,200,53,26,4,66,6,21,136
193406,109,47,200,53,26,4,66,6,21,136
193407,111,47,200,54,27,4,68,9,21,142
193408,111,47,200,54,27,4,68,9,21,142
193409,111,47,200,54,27,4,68,9,21,142
193410,111,47,199,54,27,4,68,9,21,138
193411,111,47,198,54,27,4,68,9,21,138
193412,111,47,198,54,27,4,68,9,21,138
193501,111,47,198,54,27,4,68,9,21,137
193502,111,45,198,54,27,4,68,9,21,137
193503,111,45,198,54,27,4,68,9,21,137
193504,111,44,198,54,27,4,68,9,21,137
193505,111,44,198,54,26,4,68,9,21,136
193506,111,44,198,54,26,4,68,9,21,136
193507,109,46,200,54,26,4,69,9,21,139
193508,109,46,199,54,26,4,69,9,21,139
193509,108,46,199,54,26,4,69,9,21,137
193510,108,46,199,54,26,4,69,9,21,137
193511,108,46,199,54,26,4,69,9,21,137
193512,108,46,199,53,26,4,69,9,21,137
193601,108,46,199,53,26,4,69,9,21,137
193602,108,46,199,52,26,4,69,9,21,137
193603,107,46,199,52,26,4,68,9,21,137
193604,107,46,198,52,26,4,68,9,21,137
193605,107,46,198,52,26,4,67,9,21,137
193606,107,46,198,52,26,4,67,9,21,137
193607,119,49,211,54,27,4,70,10,21,143
193608,119,49,210,54,27,4,70,10,21,142
193609,119,49,210,54,27,4,70,10,21,142
193610,119,49,209,53,27,4,70,10,21,141
193611,119,49,209,53,27,4,70,10,21,141
193612,119,49,209,52,27,4,70,10,21,141
193701,119,48,209,52,27,4,70,10,21,138
193702,119,48,209,52,27,4,70,10,21,138
193703,119,48,209,51,27,4,70,10,21,138
193704,119,48,207,51,27,4,70,10,21,138
193705,119,48,207,51,27,4,70,10,21,138
193706,119,48,207,51,27,4,70,10,21,138
193707,124,52,226,53,30,4,74,12,22,145
193708,124,52,226,53,30,4,74,12,22,145
193709,124,52,226,52,30,4,74,12,22,145
193710,124,52,226,52,30,4,74,12,22,145
193711,124,52,226,52,30,4,74,12,22,145
193712,124,52,226,52,30,4,74,12,22,145
193801,124,52,226,52,30,4,74,12,22,145
193802,124,52,226,52,30,4,74,12,22,145
193803,124,52,226,52,30,4,74,12,22,145
193804,124,52,226,52,30,4,74,12,22,144
193805,124,52,225,52,30,4,73,12,22,143
193806,124,52,225,52,30,4,73,12,22,143
193807,126,53,237,54,30,5,74,12,23,147
193808,125,53,236,54,30,5,73,12,23,146
193809,125,53,236,54,30,5,73,12,23,146
193810,125,53,236,54,30,5,73,12,23,145
193811,125,53,236,54,30,5,73,12,23,144
193812,125,53,236,53,30,5,72,12,23,141
193901,125,53,236,53,30,5,72,12,23,141
193902,125,53,236,53,30,5,72,12,23,141
193903,125,53,236,53,30,5,72,12,23,141
193904,125,53,236,53,30,5,72,12,23,140
193905,124,53,236,53,30,5,72,12,23,140
193906,124,53,236,53,30,5,72,12,23,139
193907,124,53,239,52,30,6,73,12,23,138
193908,124,53,239,52,30,6,73,12,23,136
193909,124,53,238,52,30,6,73,12,23,134
193910,124,53,238,52,30,6,73,12,23,133
193911,124,53,238,52,30,6,73,12,23,132
193912,124,53,238,52,30,6,73,12,23,132
194001,124,53,238,51,30,6,73,12,23,132
194002,124,53,238,51,30,6,73,12,23,132
194003,124,53,238,51,30,6,73,12,23,132
194004,124,53,238,51,30,6,73,12,23,132
194005,123,52,238,51,30,6,73,12,23,132
194006,123,52,238,51,30,6,73,12,23,132
194007,125,55,247,51,30,6,74,13,24,138
194008,124,55,247,51,30,6,74,13,24,137
194009,124,55,247,51,30,6,74,13,24,135
194010,124,55,247,51,30,6,74,13,24,134
194011,124,55,247,51,30,6,74,13,24,134
194012,123,54,247,50,30,6,74,13,24,134
194101,123,54,247,50,30,6,74,13,24,134
194102,123,54,247,49,30,6,74,13,24,134
194103,123,54,247,49,30,6,74,13,24,134
194104,123,54,247,49,30,6,74,13,24,134
194105,123,54,247,49,30,6,74,13,24,134
194106,123,54,247,49,30,6,74,13,24,133
194107,124,54,254,50,31,7,75,13,26,138
194108,124,54,254,50,31,7,75,13,26,137
194109,124,54,254,50,31,7,75,13,26,137
194110,124,54,254,50,31,7,75,13,26,137
194111,124,54,254,50,31,7,75,13,26,136
194112,124,54,254,50,31,7,75,13,26,136
194201,124,54,254,50,31,7,75,13,26,136
194202,124,54,254,50,31,7,75,13,26,136
194203,124,53,254,50,31,7,75,13,26,136
194204,124,53,254,50,31,7,75,13,26,136
194205,124,53,254,50,31,7,75,13,26,136
194206,124,53,254,50,31,7,75,13,26,136
194207,124,55,259,50,32,7,74,14,26,138
194208,124,55,259,50,32,7,74,14,26,138
194209,124,55,259,50,32,7,74,14,26,138
194210,124,55,259,50,32,7,73,14,26,138
194211,124,55,259,50,32,7,73,14,26,138
194212,124,55,259,49,32,7,73,14,26,138
194301,124,55,259,49,32,7,73,14,26,138
194302,124,55,258,49,32,7,73,14,26,138
194303,124,55,257,49,32,7,73,14,26,138
194304,124,55,257,48,32,7,73,14,26,138
194305,124,55,257,48,32,7,73,14,26,138
194306,124,55,257,48,32,7,73,14,26,137
194307,125,56,257,49,33,7,73,14,26,137
194308,125,56,257,49,33,7,73,14,26,137
194309,125,56,257,49,33,7,73,14,26,137
194310,125,56,257,48,33,7,73,14,26,137
194311,125,56,257,47,33,7,73,14,26,137
194312,125,56,257,47,33,7,73,14,26,135
194401,125,56,257,46,33,7,73,14,26,133
194402,125,56,257,46,33,7,73,14,26,132
194403,125,56,257,46,33,7,73,14,26,132
194404,125,56,257,46,33,7,73,14,26,132
194405,125,56,257,46,33,7,73,14,25,132
194406,125,56,257,46,33,7,73,14,25,132
194407,127,56,267,48,36,7,74,15,29,135
194408,127,56,267,48,36,7,74,15,29,135
194409,127,56,267,48,36,7,73,15,29,135
194410,126,56,267,48,36,7,73,15,29,134
194411,126,56,267,48,36,7,73,15,29,134
194412,126,56,267,48,36,7,73,15,29,133
194501,126,55,267,48,36,7,73,15,29,133
194502,126,55,267,48,36,7,73,15,29,133
194503,126,55,267,48,36,7,73,15,29,133
194504,126,55,267,48,36,7,73,15,29,133
194505,126,55,267,48,36,7,73,15,29,133
194506,126,55,267,48,36,7,73,15,29,133
194507,131,56,273,49,39,7,79,16,30,138
194508,131,56,273,49,39,7,79,16,30,138
194509,131,56,273,49,39,7,79,16,30,138
194510,130,56,273,49,39,7,79,16,30,138
194511,130,56,273,48,39,7,79,16,30,137
194512,130,56,273,48,39,7,79,16,30,137
194601,130,56,272,48,39,7,79,16,30,137
194602,129,56,272,48,39,7,79,16,30,137
194603,129,56,272,48,39,7,79,16,30,137
194604,129,56,272,48,39,7,79,16,30,137
194605,129,56,272,48,39,7,79,16,30,137
194606,129,55,272,48,39,7,79,16,30,137
194607,138,57,288,50,41,7,79,18,35,142
194608,138,57,288,50,41,7,78,18,35,142
194609,138,57,288,50,41,7,78,18,35,142
194610,138,57,288,50,41,7,77,18,35,142
194611,138,57,288,50,40,7,77,18,35,142
194612,138,57,288,50,40,7,77,18,35,142
194701,138,57,288,50,40,7,77,18,35,142
194702,138,57,288,50,40,7,77,18,35,142
194703,138,57,288,50,40,7,77,18,35,142
194704,138,57,288,50,40,7,77,18,35,142
194705,138,57,288,50,40,7,77,18,35,142
194706,138,57,288,50,40,7,77,18,35,141
194707,147,58,297,51,43,7,84,18,46,146
194708,147,58,297,51,43,7,84,18,46,146
194709,147,58,297,51,43,7,84,18,46,146
194710,147,58,297,51,43,7,84,18,45,146
194711,147,58,297,51,43,7,84,18,45,146
194712,147,58,297,51,43,7,84,18,45,146
194801,147,58,297,51,43,7,84,18,45,146
194802,147,58,297,51,43,7,84,18,45,146
194803,147,58,297,51,43,7,84,18,45,146
194804,147,58,297,51,43,7,84,18,45,146
194805,147,58,297,51,43,7,84,18,45,146
194806,147,58,297,51,43,7,84,18,45,146
194807,152,63,307,53,44,7,85,18,51,154
194808,152,63,307,53,44,7,85,18,51,154
194809,152,63,306,53,44,7,85,18,51,154
194810,152,63,306,53,44,7,85,18,51,154
194811,152,63,306,53,44,7,85,18,51,154
194812,152,63,306,53,44,7,85,18,51,154
194901,152,63,306,53,44,7,85,18,51,154
194902,152,63,306,53,44,7,85,18,51,154
194903,152,63,306,53,44,7,85,18,51,154
194904,152,63,306,53,44,7,85,18,51,154
194905,152,63,306,53,44,7,85,18,51,154
194906,152,63,306,53,44,7,85,18,51,154
194907,153,64,313,55,45,8,87,18,56,158
194908,153,64,313,55,45,8,87,18,56,158
194909,153,64,313,55,45,8,87,18,56,158
194910,153,64,313,55,45,8,87,18,56,158
194911,153,64,313,55,45,8,87,18,56,158
194912,153,64,313,55,45,8,87,18,56,157
195001,153,64,313,55,45,8,85,18,56,157
195002,153,64,313,55,45,8,85,18,56,157
195003,153,64,313,55,45,8,85,18,56,157
195004,153,64,313,55,45,8,85,18,56,157
195005,153,64,313,55,44,8,85,18,56,157
195006,153,64,313,54,44,8,85,18,56,157
195007,153,65,313,57,44,8,85,18,72,159
195008,153,65,313,57,44,8,85,18,72,159
195009,153,65,313,57,44,8,85,18,72,159
195010,153,65,313,57,44,8,85,18,72,159
195011,153,65,313,57,44,8,85,18,72,159
195012,153,64,312,57,44,8,85,18,72,159
195101,153,64,312,57,44,8,85,18,72,158
195102,153,64,312,57,44,8,85,18,72,158
195103,153,64,312,57,44,8,85,18,72,158
195104,153,64,312,57,44,8,85,18,72,158
195105,153,64,312,57,44,8,85,18,72,158
195106,153,64,312,57,44,8,85,18,72,158
195107,156,65,318,59,46,8,86,19,84,161
195108,155,65,318,59,46,8,86,19,84,161
195109,155,65,317,59,46,8,86,19,84,161
195110,155,65,317,59,46,8,86,19,84,161
195111,155,65,316,59,46,8,86,19,83,161
195112,155,65,316,59,46,8,86,19,83,161
195201,155,65,316,59,46,8,86,19,83,161
195202,155,65,316,59,46,8,86,19,83,161
195203,155,65,316,59,46,8,86,19,83,160
195204,154,65,316,59,46,8,86,19,83,160
195205,154,65,316,59,46,8,86,19,83,160
195206,154,65,316,59,46,8,86,19,83,160
195207,156,66,323,60,49,8,87,19,83,160
195208,156,66,323,60,49,8,87,19,83,160
195209,156,66,323,60,49,8,87,19,83,160
195210,156,66,323,60,49,8,87,18,83,160
195211,156,66,322,60,49,8,87,18,83,160
195212,156,66,322,60,49,8,87,18,83,160
195301,156,66,322,60,49,8,87,18,83,160
195302,156,66,322,60,49,7,86,18,83,160
195303,154,66,322,60,48,7,86,18,83,160
195304,154,66,322,60,48,7,86,18,83,160
195305,154,66,321,60,48,7,86,17,83,157
195306,154,66,321,60,48,7,86,17,83,157
195307,154,65,329,60,50,8,88,18,87,161
195308,153,65,329,60,50,8,88,18,87,161
195309,152,65,329,60,50,8,87,18,87,161
195310,152,64,329,60,50,8,87,18,87,161
195311,152,64,328,60,50,8,87,18,87,161
195312,152,64,328,60,50,8,87,18,87,161
195401,152,64,328,60,50,8,87,18,87,161
195402,152,64,328,60,50,8,87,18,87,161
195403,152,64,328,60,50,8,87,18,87,161
195404,152,64,327,60,50,8,87,18,87,161
195405,152,63,325,60,50,8,87,18,87,161
195406,152,63,325,60,50,8,87,18,87,161
195407,152,62,332,60,50,9,87,18,90,162
195408,152,62,332,59,50,9,87,18,90,162
195409,152,62,332,59,50,9,87,18,90,162
195410,152,61,331,59,50,9,87,18,90,160
195411,152,61,331,58,50,9,87,18,90,160
195412,152,61,331,58,50,9,87,18,90,160
195501,152,61,331,58,50,9,87,18,89,160
195502,150,61,330,58,50,9,87,18,89,160
195503,150,61,328,58,50,9,87,18,89,160
195504,150,61,328,58,50,9,87,17,89,159
195505,150,61,328,57,49,9,87,17,89,158
195506,150,61,328,57,49,9,87,17,89,158
195507,152,62,339,59,49,9,88,17,92,159
195508,152,62,338,58,49,9,88,17,92,158
195509,152,61,337,57,49,9,88,17,92,158
195510,152,60,337,56,49,9,88,17,92,158
195511,152,60,337,56,49,9,88,17,92,158
195512,152,59,335,56,49,9,87,17,92,158
195601,151,58,335,56,49,9,87,17,92,158
195602,151,58,335,56,49,9,86,17,92,158
195603,151,58,335,56,49,9,86,17,92,158
195604,151,58,335,56,49,9,86,17,92,158
195605,149,58,335,56,49,9,86,17,92,158
195606,149,58,334,56,49,9,86,17,92,156
195607,149,57,344,57,50,10,87,17,93,158
195608,148,57,344,56,50,10,87,17,93,157
195609,148,57,343,56,50,10,87,17,93,156
195610,148,57,341,55,50,10,87,17,93,156
195611,147,57,341,55,50,10,87,17,93,156
195612,147,57,341,55,50,10,87,17,93,156
195701,147,57,338,54,50,10,87,17,93,156
195702,147,57,338,54,50,10,87,17,93,156
195703,147,57,338,54,50,10,87,17,93,156
195704,147,56,338,54,50,10,87,17,93,156
195705,146,55,337,54,50,10,87,17,93,156
195706,146,54,335,54,50,10,87,17,93,156
195707,150,56,347,56,59,10,87,17,94,160
195708,149,56,346,56,58,10,87,17,94,160
195709,149,56,345,56,58,10,87,17,94,159
195710,148,56,345,56,58,9,86,17,94,159
195711,148,56,345,56,57,9,86,17,94,159
195712,148,56,343,56,57,9,86,17,94,157
195801,148,56,341,56,57,9,86,17,94,157
195802,148,56,341,56,57,9,85,17,94,157
195803,147,56,339,56,57,9,84,17,94,156
195804,147,56,339,56,57,9,84,17,94,156
195805,146,56,338,56,57,9,84,17,94,156
195806,146,55,337,55,57,9,84,17,94,156
195807,147,51,347,55,63,9,83,20,96,167
195808,147,51,346,55,63,9,83,20,96,166
195809,147,51,345,55,63,9,83,20,96,164
195810,147,51,344,55,63,9,83,20,96,162
195811,147,51,344,55,63,9,83,20,96,162
195812,147,50,343,55,63,9,83,20,96,162
195901,147,50,343,55,63,9,83,20,96,162
195902,147,50,343,55,63,9,81,20,96,162
195903,147,50,342,55,62,9,80,20,96,160
195904,147,50,341,55,62,9,80,20,96,158
195905,147,50,341,55,62,9,80,20,96,158
195906,147,50,341,55,62,9,80,20,96,157
195907,152,49,347,52,68,10,83,22,100,160
195908,152,49,347,52,68,10,83,22,100,159
195909,152,49,347,52,68,10,83,22,100,159
195910,151,49,347,52,67,10,83,22,100,159
195911,151,49,346,52,67,10,83,22,100,159
195912,151,49,346,52,66,10,83,22,100,158
196001,151,49,346,52,65,10,83,22,100,158
196002,151,49,346,52,65,10,83,22,100,157
196003,150,49,346,52,65,10,83,22,100,157
196004,149,49,345,52,65,10,83,22,100,156
196005,149,49,343,52,64,10,83,22,100,156
196006,149,49,343,52,64,10,83,22,100,156
196007,151,49,359,52,73,10,90,23,101,164
196008,151,49,359,52,73,10,89,23,101,164
196009,151,49,359,52,73,10,89,23,100,164
196010,148,49,359,52,73,10,89,23,100,163
196011,147,49,359,52,73,10,89,23,100,162
196012,146,49,359,52,73,10,89,23,100,162
196101,144,49,358,52,73,10,89,22,100,162
196102,141,49,358,52,73,10,89,22,100,161
196103,141,49,358,51,73,10,89,22,100,161
196104,140,49,358,50,73,10,89,22,100,161
196105,140,49,358,50,73,10,89,22,100,161
196106,140,49,358,50,73,10,88,22,100,160
196107,146,51,368,50,80,10,93,22,103,164
196108,145,51,367,50,80,10,93,22,103,162
196109,145,50,367,50,80,10,93,22,103,161
196110,145,50,366,50,80,10,92,22,103,161
196111,145,50,366,50,80,9,92,22,103,160
196112,145,50,366,49,79,9,92,22,103,159
196201,144,50,365,49,79,9,92,22,103,159
196202,143,50,364,48,79,9,92,22,103,159
196203,143,50,364,48,79,9,92,22,103,159
196204,143,50,361,47,79,9,92,22,103,158
196205,143,50,361,46,79,9,91,22,103,158
196206,143,50,361,45,78,9,91,22,102,158
196207,148,51,378,51,86,12,97,23,103,163
196208,148,51,378,51,86,12,97,23,103,163
196209,148,51,377,51,86,12,97,23,103,163
196210,147,51,377,51,86,12,97,23,103,163
196211,146,51,376,51,86,12,97,23,103,163
196212,146,51,375,51,86,12,97,23,103,163
196301,146,51,375,51,86,12,97,23,103,162
196302,146,51,374,51,86,12,97,23,103,162
196303,146,51,374,51,86,12,96,23,103,162
196304,146,51,373,51,86,12,96,23,103,161
196305,146,50,372,50,85,12,95,23,103,160
196306,146,50,371,50,84,12,95,23,103,160
196307,251,114,622,119,132,22,191,36,119,346
196308,250,114,621,119,132,22,191,36,119,342
196309,248,114,619,119,132,22,191,36,116,342
196310,247,114,617,118,131,22,191,36,116,339
196311,246,114,616,117,131,22,191,36,116,338
196312,245,113,611,116,131,22,190,36,115,337
196401,245,112,606,116,131,22,189,36,114,337
196402,245,112,605,116,131,22,189,36,114,337
196403,243,112,602,116,131,22,189,36,114,336
196404,243,112,600,116,131,21,188,36,114,334
196405,242,112,596,116,130,21,186,36,114,333
196406,241,112,594,115,130,21,186,36,114,333
196407,259,119,626,118,144,22,204,38,118,346
196408,259,119,625,118,144,22,203,38,118,345
196409,258,119,620,118,144,22,202,38,118,344
196410,258,119,618,117,144,22,202,38,118,341
196411,258,118,617,116,144,22,202,38,118,340
196412,257,117,615,115,142,22,202,38,118,340
196501,257,117,612,113,141,22,201,38,118,339
196502,256,116,610,112,141,22,199,38,118,338
196503,255,116,608,112,138,22,199,38,118,335
196504,255,115,605,112,138,22,198,38,118,335
196505,255,115,603,112,138,22,197,38,118,332
196506,253,115,602,111,138,22,197,38,118,331
196507,269,119,635,112,151,25,214,39,120,358
196508,269,119,634,111,150,25,213,39,120,357
196509,268,119,630,111,149,25,210,39,120,356
196510,267,117,627,111,149,25,208,39,120,355
196511,267,117,625,111,149,25,207,39,120,353
196512,264,117,623,111,148,25,207,39,120,353
196601,263,117,621,110,147,25,205,38,120,350
196602,261,117,615,110,147,25,205,38,120,348
196603,261,117,614,110,147,25,204,38,120,348
196604,259,117,612,109,147,25,203,38,120,348
196605,256,117,610,108,146,25,200,38,120,347
196606,254,116,608,107,146,25,199,38,120,346
196607,275,117,635,109,159,26,214,39,123,361
196608,275,117,634,109,158,26,214,39,123,357
196609,274,117,634,108,158,26,214,39,123,356
196610,274,117,631,107,158,26,213,39,123,354
196611,274,116,628,107,158,26,210,39,123,352
196612,272,116,626,107,157,26,209,39,123,348
196701,271,115,625,107,157,26,209,39,123,346
196702,270,115,623,107,157,26,209,39,123,345
196703,270,115,621,106,155,26,207,39,123,345
196704,268,115,620,106,153,26,207,39,123,343
196705,266,114,616,105,152,25,205,39,123,340
196706,264,112,613,105,152,25,205,39,123,338
196707,274,120,651,107,166,26,212,40,126,346
196708,272,119,648,106,166,26,212,40,126,344
196709,271,117,639,106,165,26,211,40,126,342
196710,269,117,635,105,164,24,209,40,126,341
196711,267,115,632,105,164,23,208,40,126,340
196712,266,115,627,104,163,23,206,39,126,339
196801,263,115,617,103,162,22,205,38,124,338
196802,263,114,613,103,161,22,204,38,124,335
196803,261,114,612,103,161,22,203,38,124,333
196804,259,114,609,102,161,22,202,38,123,330
196805,257,113,604,102,161,22,202,38,123,329
196806,253,113,597,99,160,22,200,38,123,326
196807,266,122,631,101,185,25,216,44,126,344
196808,265,122,629,101,185,25,216,44,126,342
196809,263,122,625,101,184,25,216,44,126,339
196810,262,121,618,100,183,25,214,44,126,339
196811,262,120,613,100,182,25,212,44,126,338
196812,259,120,606,99,182,25,212,44,126,336
196901,259,119,602,99,182,25,207,44,126,333
196902,258,117,597,99,181,25,207,44,126,332
196903,258,116,596,98,180,25,206,44,126,328
196904,255,116,595,98,179,24,205,44,126,327
196905,255,116,591,98,177,24,204,44,126,326
196906,254,114,590,97,177,24,204,44,126,323
196907,279,127,621,100,202,26,234,49,132,371
196908,279,126,619,100,200,26,234,49,132,370
196909,278,126,617,100,200,26,233,49,132,366
196910,278,126,616,100,199,26,233,49,132,366
196911,278,125,614,98,198,26,233,49,132,365
196912,276,124,613,98,196,26,230,49,132,365
197001,276,124,611,98,196,26,228,49,132,365
197002,275,124,609,98,196,26,228,49,132,365
197003,275,124,609,98,196,26,228,49,132,361
197004,275,124,607,98,194,26,228,49,132,358
197005,275,123,602,98,194,26,227,49,132,358
197006,273,123,602,97,193,26,225,49,132,356
197007,303,133,628,105,197,27,253,53,135,406
197008,303,132,626,105,196,27,252,53,135,404
197009,303,132,626,105,194,26,252,53,135,403
197010,303,132,624,104,194,26,252,53,135,403
197011,303,131,623,104,193,26,251,52,135,402
197012,302,131,618,103,192,26,249,52,135,400
197101,300,131,617,103,192,26,247,51,135,399
197102,298,131,616,102,192,26,246,51,135,398
197103,297,131,616,101,191,26,245,51,135,396
197104,296,131,613,101,189,26,244,51,135,396
197105,295,131,609,101,187,25,244,51,135,393
197106,293,131,607,101,185,25,244,51,135,391
197107,312,135,622,106,194,27,268,60,140,439
197108,311,135,621,106,194,27,268,60,140,438
197109,311,135,621,106,192,27,268,60,140,438
197110,311,135,621,106,192,27,268,60,140,438
197111,311,134,619,106,192,27,268,60,139,438
197112,311,134,618,106,191,27,268,60,139,436
197201,310,134,613,106,190,27,268,60,139,436
197202,310,134,613,106,190,27,268,60,139,435
197203,309,133,612,106,189,27,268,60,139,433
197204,308,133,611,105,188,27,268,60,139,431
197205,308,133,610,104,188,27,268,60,139,428
197206,308,133,609,104,187,27,267,60,139,425
197207,338,139,628,108,194,27,292,70,143,486
197208,334,138,627,108,194,27,291,70,143,483
197209,334,138,626,108,194,27,290,70,143,483
197210,333,137,625,108,194,27,289,70,143,482
197211,332,137,623,108,192,27,289,70,143,480
197212,332,137,621,108,192,27,288,70,143,480
197301,330,136,620,108,191,27,286,70,142,479
197302,327,136,617,108,190,27,286,70,142,478
197303,326,136,616,107,190,27,286,70,142,476
197304,326,135,616,107,189,27,285,70,142,475
197305,322,135,613,106,187,27,283,70,142,473
197306,321,135,613,106,186,27,282,70,142,472
197307,545,213,965,167,424,45,545,136,183,1917
197308,539,211,960,165,421,45,540,136,183,1898
197309,536,211,956,165,418,45,536,133,183,1887
197310,535,210,953,165,414,45,530,133,183,1876
197311,531,205,942,163,406,45,524,133,183,1846
197312,521,205,937,161,401,44,518,130,183,1817
197401,518,204,932,161,399,44,517,128,183,1803
197402,516,203,929,161,396,44,515,128,183,1796
197403,515,203,929,160,391,43,514,128,183,1786
197404,511,202,926,158,388,43,512,127,183,1780
197405,505,201,918,158,385,43,508,125,182,1769
197406,501,198,914,158,382,43,505,125,182,1755
197407,503,192,914,170,387,43,496,130,184,1722
197408,499,189,911,168,381,43,494,129,184,1711
197409,493,186,910,168,377,42,491,129,184,1702
197410,491,182,907,168,373,42,487,129,184,1692
197411,489,180,903,167,371,42,486,129,182,1682
197412,487,179,898,162,368,42,485,129,182,1670
197501,483,179,895,161,366,42,480,126,182,1660
197502,482,179,894,160,364,42,480,125,182,1656
197503,481,179,891,159,362,42,478,125,182,1652
197504,480,178,887,159,362,42,477,125,181,1643
197505,480,177,886,159,361,42,477,125,181,1640
197506,478,175,881,158,357,41,473,122,181,1633
197507,482,175,898,173,359,42,479,134,185,1638
197508,480,173,892,173,357,42,479,134,185,1633
197509,480,173,891,173,356,42,477,133,185,1631
197510,478,173,891,173,356,42,476,131,184,1623
197511,476,173,889,172,355,42,472,131,184,1619
197512,472,173,887,172,354,41,471,129,184,1613
197601,471,173,883,169,353,41,468,129,184,1605
197602,469,173,880,168,353,41,467,129,184,1601
197603,465,171,879,168,352,41,464,129,184,1597
197604,462,170,877,168,348,41,462,128,184,1592
197605,461,170,871,165,347,41,461,128,184,1586
197606,458,170,867,165,346,41,459,128,184,1583
197607,476,174,905,182,368,42,487,135,187,1653
197608,473,172,898,182,368,42,483,135,187,1647
197609,473,172,895,182,366,42,481,135,187,1641
197610,472,171,891,180,366,42,481,135,187,1638
197611,471,171,888,179,364,42,479,134,187,1636
197612,470,170,882,178,361,42,479,130,187,1629
197701,466,167,879,176,357,42,478,129,187,1623
197702,464,166,876,174,355,42,477,128,187,1619
197703,460,166,873,172,355,42,473,127,187,1616
197704,459,165,869,172,354,42,473,126,187,1613
197705,455,165,862,169,353,42,472,124,187,1611
197706,452,164,857,169,353,42,470,123,186,1608
197707,461,170,894,190,385,44,496,133,187,1666
197708,457,168,892,187,382,44,491,132,187,1658
197709,455,167,888,186,380,44,490,132,187,1648
197710,451,167,881,186,378,44,487,131,187,1642
197711,450,167,879,185,376,44,484,130,187,1640
197712,448,167,867,185,373,44,479,128,187,1635
197801,446,164,858,185,368,44,475,125,187,1620
197802,442,164,855,185,367,44,473,125,187,1611
197803,440,164,851,185,366,44,471,125,187,1605
197804,436,164,845,182,364,43,470,124,187,1602
197805,431,164,834,179,362,43,466,123,187,1596
197806,428,164,819,177,360,43,460,120,187,1589
197807,424,167,855,188,377,43,478,124,189,1650
197808,418,164,851,185,375,43,476,124,187,1642
197809,416,164,848,185,374,42,471,122,187,1633
197810,412,163,845,184,372,42,467,122,187,1624
197811,412,163,840,184,371,41,463,122,187,1615
197812,411,162,837,183,367,41,461,121,187,1607
197901,408,160,827,182,365,41,455,121,187,1596
197902,404,159,824,179,364,41,454,120,187,1584
197903,402,159,821,177,362,41,453,119,187,1580
197904,399,158,819,176,358,41,451,118,187,1567
197905,398,157,817,175,357,41,451,117,187,1559
197906,394,155,813,174,354,40,448,115,187,1544
197907,400,158,842,199,396,45,458,127,188,1637
197908,396,158,836,198,396,44,456,126,187,1629
197909,394,157,833,198,394,44,454,124,187,1620
197910,393,156,831,195,393,44,452,124,187,1616
197911,391,154,828,194,389,43,449,124,187,1609
197912,389,152,824,193,384,43,447,123,187,1603
198001,384,150,816,191,381,43,444,123,187,1583
198002,382,148,812,191,379,43,442,122,187,1578
198003,381,148,810,190,379,42,439,122,187,1567
198004,378,148,804,189,378,41,436,119,187,1560
198005,375,147,802,188,375,40,434,117,186,1549
198006,374,147,798,188,371,39,431,117,186,1539
198007,384,155,832,244,419,43,452,136,189,1632
198008,383,154,828,243,415,43,451,135,188,1615
198009,376,152,822,242,412,43,450,133,188,1607
198010,375,152,821,241,411,43,446,133,188,1598
198011,374,152,817,240,408,43,445,132,188,1592
198012,373,152,814,240,406,40,438,132,187,1580
198101,369,151,812,240,401,40,431,131,186,1572
198102,366,149,808,237,400,40,428,130,186,1564
198103,364,148,800,237,399,38,427,129,186,1560
198104,361,145,796,234,398,38,426,127,186,1554
198105,359,144,792,233,398,38,424,126,186,1553
198106,358,144,785,232,396,38,417,126,186,1545
198107,369,162,835,360,527,50,450,156,191,1724
198108,364,162,831,359,527,49,448,156,190,1722
198109,363,161,831,358,525,49,443,155,190,1709
198110,361,160,827,356,522,49,439,154,190,1699
198111,359,159,824,355,520,47,437,154,190,1692
198112,358,158,821,351,518,47,431,152,190,1686
198201,358,156,819,350,514,47,429,152,190,1674
198202,356,156,814,349,512,47,427,152,190,1665
198203,355,156,811,347,508,47,421,150,190,1650
198204,353,155,809,344,504,47,417,149,188,1632
198205,350,154,808,343,504,46,411,149,188,1619
198206,348,152,807,341,503,46,407,147,188,1608
198207,360,152,845,403,598,55,446,176,190,1699
198208,357,152,841,401,596,55,444,175,190,1687
198209,354,152,832,397,594,54,443,173,190,1664
198210,352,149,826,394,591,53,441,172,190,1648
198211,347,148,823,393,589,53,438,171,190,1625
198212,346,148,815,390,586,52,438,169,190,1610
198301,342,148,808,383,585,51,432,168,190,1587
198302,341,148,803,378,584,51,429,166,190,1580
198303,339,148,801,376,582,51,426,163,190,1572
198304,339,147,798,370,581,50,425,161,190,1565
198305,338,147,797,366,574,49,422,161,189,1552
198306,335,146,791,362,569,49,421,160,188,1540
198307,364,157,830,388,692,61,483,206,195,1719
198308,362,157,824,379,690,60,479,204,194,1704
198309,361,156,819,371,686,60,475,204,194,1691
198310,361,156,815,369,683,59,474,204,191,1683
198311,361,154,813,368,681,59,472,204,191,1673
198312,359,154,812,359,678,59,466,203,189,1666
198401,358,151,808,351,676,59,461,200,189,1651
198402,350,151,803,348,674,59,455,198,189,1643
198403,348,151,800,342,673,59,454,198,189,1633
198404,346,150,794,340,672,57,451,198,189,1622
198405,343,147,793,338,671,57,448,195,189,1610
198406,340,147,786,334,665,54,443,195,189,1591
198407,374,171,866,373,906,83,559,289,195,1846
198408,370,171,865,370,903,83,558,288,194,1833
198409,365,170,859,359,896,83,545,286,193,1813
198410,363,169,855,355,886,82,540,283,193,1789
198411,360,169,846,345,880,81,535,282,193,1772
198412,354,169,842,337,877,81,533,278,193,1762
198501,349,168,838,331,869,81,527,274,193,1734
198502,348,168,826,329,864,80,522,273,193,1725
198503,346,165,820,326,858,79,519,270,191,1719
198504,343,165,817,325,850,79,511,269,191,1705
198505,336,161,812,321,845,78,504,269,190,1685
198506,335,158,804,317,832,78,498,264,190,1670
198507,358,171,847,357,932,96,549,314,191,1752
198508,356,170,838,352,922,95,543,313,191,1730
198509,353,167,835,348,918,92,539,311,191,1712
198510,348,166,832,339,908,92,532,309,190,1703
198511,345,164,825,333,902,90,524,306,190,1685
198512,342,162,820,327,897,85,514,302,189,1668
198601,339,161,817,320,890,84,511,298,188,1644
198602,335,161,813,315,886,84,507,295,188,1633
198603,333,161,806,310,874,83,502,291,187,1618
198604,326,159,803,301,867,82,498,287,185,1604
198605,322,158,797,294,862,80,494,283,184,1587
198606,320,155,788,287,853,79,491,279,183,1575
198607,340,171,871,324,946,92,626,362,193,1781
198608,337,170,866,315,937,92,623,359,193,1763
198609,335,168,859,310,928,92,617,357,192,1746
198610,332,166,848,306,918,91,610,352,191,1734
198611,326,165,843,296,907,90,604,345,191,1714
198612,322,162,823,286,893,89,593,344,190,1681
198701,316,161,817,285,883,87,583,338,190,1665
198702,316,161,813,280,881,87,581,335,190,1660
198703,314,161,805,276,875,87,577,331,190,1648
198704,310,159,796,274,873,87,572,331,190,1640
198705,307,159,794,271,868,87,571,331,190,1626
198706,305,156,789,266,859,86,566,330,190,1616
198707,353,177,874,285,977,111,672,411,194,2054
198708,351,174,867,282,967,107,666,409,194,2041
198709,347,173,860,276,960,105,663,407,194,2035
198710,341,172,850,274,952,103,654,406,194,2014
198711,339,171,843,270,946,103,642,400,194,1995
198712,337,168,838,268,935,102,630,396,194,1979
198801,333,167,833,266,930,101,629,391,194,1963
198802,332,166,824,264,916,100,623,389,193,1940
198803,328,163,819,263,912,98,617,381,192,1926
198804,322,158,811,262,907,95,608,380,192,1913
198805,317,155,800,260,897,93,591,378,192,1890
198806,313,154,795,254,887,93,585,374,191,1879
198807,372,175,848,240,954,120,639,414,204,2072
198808,371,174,841,236,945,117,626,407,202,2046
198809,368,174,833,234,935,117,618,398,202,2027
198810,366,172,825,232,929,117,613,396,202,2013
198811,362,172,812,229,919,116,604,391,201,1997
198812,354,167,804,225,908,112,593,388,201,1969
198901,350,165,800,222,899,110,588,386,200,1952
198902,348,163,795,221,888,107,584,384,200,1936
198903,345,163,791,219,874,107,578,381,200,1919
198904,344,160,788,218,870,105,574,377,200,1901
198905,339,160,782,216,858,104,565,374,199,1888
198906,334,158,771,213,847,104,559,368,198,1867
198907,338,166,840,223,886,114,619,398,197,1985
198908,336,164,832,221,881,110,612,396,197,1957
198909,332,161,827,217,875,109,604,394,197,1933
198910,328,161,818,217,871,109,601,389,197,1921
198911,324,160,814,216,861,109,594,387,197,1897
198912,324,159,806,216,856,109,586,384,197,1878
199001,322,158,796,215,849,108,583,380,197,1857
199002,321,156,793,215,843,108,576,378,196,1841
199003,319,156,786,214,836,108,572,377,196,1823
199004,318,155,782,214,828,107,563,373,196,1809
199005,318,154,776,212,821,106,557,371,196,1789
199006,317,151,769,212,807,104,549,366,196,1770
199007,346,158,794,232,875,114,588,428,197,1921
199008,345,156,788,229,868,112,581,428,197,1899
199009,343,154,786,227,864,111,578,426,197,1883
199010,339,151,780,226,858,111,573,422,197,1867
199011,338,151,776,225,851,109,567,417,194,1851
199012,338,150,769,223,843,108,567,416,193,1839
199101,336,150,764,222,839,108,563,413,193,1815
199102,335,150,761,220,835,107,558,408,193,1806
199103,331,150,755,219,827,106,557,405,193,1796
199104,331,148,745,216,820,106,547,402,193,1777
199105,326,147,738,215,816,106,543,400,193,1761
199106,323,147,736,215,812,105,537,398,193,1752
199107,341,149,781,230,847,110,568,459,193,1851
199108,337,148,777,230,844,108,565,455,193,1839
199109,336,147,777,229,838,107,562,454,193,1827
199110,336,147,775,229,830,106,556,451,193,1816
199111,333,145,772,229,823,105,552,451,193,1803
199112,332,144,767,229,812,104,549,448,193,1782
199201,331,143,763,227,806,104,546,446,193,1766
199202,329,143,762,224,802,102,539,441,193,1756
199203,328,143,760,222,796,101,533,440,193,1734
199204,326,141,754,221,791,100,529,437,191,1716
199205,324,137,749,215,782,100,525,433,191,1698
199206,323,135,743,209,769,99,517,429,190,1680
199207,364,150,793,208,854,118,615,550,193,1821
199208,361,144,788,204,844,115,611,548,193,1808
199209,361,143,785,202,841,115,606,542,193,1795
199210,357,142,780,202,835,115,601,534,193,1775
199211,354,142,777,202,830,115,597,534,193,1766
199212,353,142,776,199,827,112,596,533,193,1748
199301,351,142,772,199,819,112,595,532,193,1730
199302,349,142,771,198,816,112,592,529,193,1718
199303,347,142,769,197,811,109,589,527,193,1698
199304,345,142,767,197,808,109,588,523,193,1690
199305,344,142,763,197,805,109,588,519,193,1680
199306,341,141,755,196,802,109,586,518,193,1670
199307,378,155,797,215,915,116,673,598,194,1896
199308,377,155,792,214,913,115,670,592,194,1885
199309,377,154,789,214,909,114,668,588,194,1879
199310,375,154,786,214,906,114,665,585,194,1866
199311,374,152,779,212,904,114,663,583,194,1861
199312,370,152,775,211,896,113,662,581,194,1842
199401,367,152,774,211,894,113,658,580,192,1822
199402,367,151,769,211,890,111,655,575,192,1810
199403,367,150,767,210,887,111,654,573,192,1796
199404,367,150,762,210,880,111,653,569,191,1785
199405,367,150,759,207,873,111,650,563,191,1773
199406,366,149,755,207,869,111,647,555,191,1756
199407,420,177,881,233,1006,151,770,623,191,2073
199408,418,174,875,232,998,151,767,622,191,2055
199409,416,174,875,229,990,148,759,618,191,2039
199410,415,174,873,226,984,148,757,609,190,2027
199411,411,173,870,224,977,148,755,605,190,2015
199412,408,171,865,221,967,144,750,600,189,2001
199501,408,170,862,220,961,142,744,595,189,1976
199502,405,170,857,219,955,141,742,591,188,1961
199503,400,170,851,217,946,140,738,585,188,1946
199504,398,170,847,216,943,140,729,581,188,1928
199505,392,170,841,215,941,136,721,574,186,1911
199506,389,168,835,214,930,133,713,573,184,1894
199507,413,196,903,218,1050,155,780,619,184,2104
199508,410,192,903,217,1042,153,775,611,184,2092
199509,409,191,898,216,1040,148,771,606,183,2080
199510,406,190,894,214,1033,147,764,601,183,2060
199511,403,190,888,213,1028,146,758,592,183,2046
199512,402,189,885,213,1017,145,753,589,183,2028
199601,400,186,878,212,1012,144,747,585,183,1994
199602,399,185,871,209,1006,140,740,582,183,1980
199603,399,184,862,208,1003,140,740,578,183,1962
199604,399,183,856,208,998,139,738,575,183,1939
199605,398,182,849,206,992,137,733,571,183,1924
199606,393,180,848,204,989,137,728,567,182,1911
199607,427,193,927,214,1240,172,809,696,184,2196
199608,426,192,917,213,1228,172,803,691,184,2182
199609,421,189,913,212,1224,171,797,687,184,2170
199610,419,187,906,210,1217,170,790,686,184,2150
199611,416,187,900,210,1211,168,785,684,184,2131
199612,415,184,893,209,1203,168,777,677,184,2111
199701,415,184,885,207,1194,165,767,672,184,2093
199702,410,184,884,207,1185,164,760,669,183,2081
199703,406,184,876,206,1176,161,754,664,182,2059
199704,403,183,874,206,1168,158,750,660,182,2040
199705,400,182,870,205,1160,156,747,657,182,2025
199706,395,181,866,203,1150,155,741,653,181,1996
199707,417,193,934,219,1335,185,823,732,182,2249
199708,416,190,923,215,1325,184,813,727,178,2225
199709,412,190,917,215,1319,181,800,717,178,2210
199710,411,190,908,210,1315,178,789,710,178,2189
199711,409,187,903,208,1304,176,784,705,177,2171
199712,404,186,894,204,1289,171,773,698,176,2139
199801,398,185,886,202,1278,168,763,693,173,2121
199802,393,184,883,201,1265,166,755,689,173,2095
199803,389,182,879,197,1255,161,743,680,172,2064
199804,386,180,870,196,1244,160,737,677,170,2035
199805,383,178,868,193,1229,159,731,671,169,2012
199806,377,178,856,192,1214,151,725,664,165,1985
199807,419,184,893,207,1361,175,788,727,166,2212
199808,416,182,888,202,1347,172,778,719,166,2186
199809,411,180,880,199,1322,170,765,711,164,2168
199810,405,178,867,199,1298,165,751,691,162,2136
199811,400,177,861,198,1287,161,746,682,162,2115
199812,391,177,854,196,1272,158,738,672,162,2083
199901,386,173,843,193,1257,155,729,664,162,2056
199902,383,168,831,193,1246,152,721,658,161,2032
199903,380,166,823,185,1228,147,705,645,159,2005
199904,375,165,813,181,1216,144,695,639,159,1986
199905,372,164,810,176,1199,140,685,635,158,1968
199906,367,160,803,174,1178,138,679,625,158,1944
199907,373,159,815,178,1320,161,704,629,158,2077
199908,371,157,799,172,1305,157,696,623,156,2058
199909,366,156,791,169,1289,155,688,611,155,2038
199910,362,155,781,168,1275,151,685,605,153,2010
199911,359,155,764,166,1258,148,681,588,151,1985
199912,352,152,757,164,1238,147,672,580,151,1963
200001,351,150,755,163,1223,145,666,575,149,1943
200002,349,148,747,163,1207,142,662,569,145,1923
200003,345,148,740,162,1195,141,659,567,143,1883
200004,343,147,738,160,1181,141,652,564,139,1860
200005,338,144,733,159,1169,138,649,558,138,1847
200006,331,143,722,158,1153,135,644,553,137,1821
200007,342,141,731,168,1465,189,681,599,137,1943
200008,336,141,725,167,1452,186,672,592,136,1928
200009,334,140,715,165,1436,186,663,583,130,1911
200010,325,135,705,164,1417,185,653,575,129,1879
200011,322,133,696,163,1403,183,639,561,125,1855
200012,314,131,689,160,1384,181,628,550,123,1837
200101,310,131,676,158,1367,179,617,546,121,1805
200102,308,130,674,156,1351,176,608,540,121,1785
200103,303,130,671,152,1332,172,600,536,119,1769
200104,299,130,660,152,1308,165,591,528,119,1744
200105,294,127,649,150,1282,160,579,522,118,1726
200106,290,125,644,149,1260,157,574,519,117,1700
200107,287,123,664,168,1380,168,577,568,123,1741
200108,283,121,659,163,1339,164,563,564,123,1722
200109,281,120,656,161,1328,163,556,561,123,1704
200110,278,119,652,160,1313,161,551,559,122,1689
200111,274,119,645,158,1293,155,541,555,121,1665
200112,270,116,642,157,1279,153,539,553,121,1642
200201,266,116,638,154,1265,151,532,551,120,1621
200202,263,114,633,154,1255,146,530,549,118,1600
200203,261,114,628,153,1245,142,522,548,118,1584
200204,260,111,620,152,1229,139,520,542,117,1568
200205,258,111,617,151,1213,135,518,541,117,1557
200206,257,111,612,151,1199,130,513,536,116,1553
200207,263,115,610,148,1233,136,521,567,115,1591
200208,262,114,605,148,1208,134,517,564,114,1571
200209,259,114,602,147,1193,132,517,562,114,1561
200210,256,114,597,143,1174,131,512,557,114,1546
200211,256,113,590,142,1163,126,510,555,114,1535
200212,255,111,586,141,1149,120,508,548,114,1526
200301,254,110,579,141,1134,118,504,544,113,1509
200302,253,108,574,141,1118,118,503,539,113,1501
200303,249,108,569,140,1089,116,500,527,113,1486
200304,247,104,567,139,1077,114,494,522,112,1481
200305,245,104,565,138,1065,112,488,521,112,1468
200306,243,104,564,137,1050,112,482,516,112,1461
200307,241,104,570,144,1058,120,490,518,111,1508
200308,239,103,567,143,1043,119,487,514,111,1494
200309,236,102,565,143,1033,118,485,513,110,1488
200310,235,101,562,142,1020,118,481,512,110,1479
200311,235,101,560,142,1008,117,477,510,110,1463
200312,234,101,555,141,1000,115,471,509,110,1450
200401,231,100,554,139,993,115,468,506,110,1437
200402,230,99,553,137,985,115,467,503,110,1428
200403,230,98,548,137,972,114,466,502,110,1422
200404,228,98,546,137,967,114,459,499,110,1408
200405,228,97,544,135,964,113,454,497,110,1393
200406,226,97,542,134,956,112,453,493,110,1382
200407,229,104,541,141,995,129,468,550,111,1467
200408,228,104,539,141,987,127,461,547,111,1460
200409,226,104,536,140,986,127,460,547,111,1448
200410,225,103,533,140,978,126,456,546,111,1436
200411,225,102,530,140,970,124,451,545,111,1425
200412,222,101,527,140,964,123,450,542,109,1413
200501,222,101,520,140,960,123,449,539,109,1393
200502,220,100,518,140,955,122,448,538,109,1380
200503,219,98,511,139,953,121,444,537,109,1372
200504,217,97,508,138,947,120,441,535,109,1364
200505,216,96,505,137,938,119,438,532,109,1353
200506,214,96,503,136,927,117,437,530,109,1347
200507,224,100,523,152,977,136,461,567,113,1437
200508,221,97,520,150,967,132,458,563,113,1427
200509,221,97,517,150,958,132,454,558,113,1420
200510,216,96,512,149,951,131,448,553,113,1415
200511,215,96,512,149,943,127,444,547,112,1409
200512,213,95,508,147,938,126,439,544,112,1395
200601,210,94,507,146,926,125,438,538,112,1384
200602,210,94,504,146,914,122,431,534,112,1379
200603,209,93,504,146,908,120,427,530,112,1370
200604,209,92,501,145,901,120,425,523,111,1363
200605,207,92,500,144,893,118,422,519,110,1356
200606,205,92,497,144,887,117,418,517,110,1349
200607,219,105,514,165,921,125,439,572,113,1438
200608,218,105,513,164,913,124,437,571,112,1431
200609,218,104,510,164,910,123,432,570,112,1425
200610,217,103,506,163,899,122,430,569,112,1416
200611,216,100,505,163,896,120,424,561,112,1405
200612,214,100,499,162,887,117,423,556,112,1395
200701,212,99,495,161,877,114,420,549,112,1381
200702,212,97,492,161,867,114,418,547,111,1369
200703,210,97,490,159,859,112,415,545,111,1363
200704,210,96,481,159,850,111,413,538,110,1350
200705,207,96,478,159,840,111,410,537,109,1342
200706,205,96,472,156,832,111,406,533,108,1334
200707,209,102,501,173,882,126,418,575,109,1419
200708,205,101,499,173,873,125,415,569,108,1404
200709,204,101,497,173,862,124,411,566,108,1396
200710,204,100,495,173,851,124,404,562,107,1380
200711,203,99,492,172,845,120,396,554,106,1370
200712,200,98,487,172,835,120,393,551,106,1358
200801,200,97,486,172,828,119,392,546,105,1352
200802,199,97,482,170,825,117,391,542,105,1339
200803,199,97,480,167,819,116,388,536,105,1327
200804,198,96,476,166,814,115,384,529,105,1316
200805,196,96,473,165,805,114,379,520,105,1309
200806,196,96,471,165,799,114,378,517,105,1299
200807,205,103,500,181,840,117,382,554,105,1360
200808,204,103,497,179,829,116,378,549,105,1355
200809,202,103,495,179,817,115,375,544,104,1346
200810,200,103,493,179,808,114,369,537,104,1334
200811,195,102,490,176,800,113,367,535,104,1323
200812,194,102,488,175,794,112,365,527,103,1313
200901,192,101,485,175,791,111,362,519,103,1302
200902,191,98,482,175,785,110,361,514,102,1294
200903,191,96,475,173,780,109,360,506,102,1284
200904,190,95,468,172,771,108,358,503,102,1274
200905,190,93,465,170,767,108,358,494,102,1267
200906,189,91,463,170,757,105,357,487,102,1261
200907,190,94,469,173,757,109,358,500,103,1287
200908,189,93,467,172,752,109,356,496,103,1280
200909,188,92,466,172,752,108,355,491,103,1271
200910,188,92,465,171,745,107,353,486,102,1263
200911,188,91,462,168,741,102,348,481,102,1254
200912,186,91,459,168,737,100,347,476,102,1244
201001,186,91,459,168,731,99,344,471,102,1233
201002,185,91,456,168,724,98,343,468,102,1225
201003,181,91,454,165,721,98,341,462,102,1219
201004,181,91,452,164,710,98,341,462,102,1208
201005,180,91,450,163,708,97,339,461,102,1200
201006,180,91,449,161,708,96,338,459,102,1192
201007,185,93,472,172,733,103,349,483,103,1224
201008,185,93,470,172,727,102,346,480,103,1222
201009,184,92,467,169,722,102,346,477,102,1219
201010,184,92,467,168,711,101,344,472,102,1211
201011,183,91,463,167,704,101,343,467,102,1203
201012,182,91,459,164,694,101,342,460,100,1191
201101,182,90,455,164,689,101,341,457,100,1182
201102,182,89,454,162,682,101,340,453,98,1180
201103,180,86,450,162,679,99,338,450,98,1174
201104,178,86,449,161,669,98,336,445,98,1162
201105,177,86,446,161,663,98,333,443,98,1154
201106,175,86,445,157,656,97,330,433,97,1144
201107,174,94,456,165,690,103,337,461,99,1176
201108,173,94,455,164,685,103,337,459,99,1174
201109,172,94,454,162,682,101,337,457,98,1169
201110,171,94,452,162,676,101,336,453,98,1162
201111,170,93,448,161,669,101,334,450,97,1152
201112,167,93,445,158,665,100,333,448,96,1144
201201,167,93,443,157,658,99,331,446,95,1136
201202,167,93,442,156,651,99,329,441,95,1131
201203,167,93,440,155,647,99,328,438,93,1126
201204,166,93,439,155,644,99,326,434,92,1120
201205,166,92,437,154,641,99,325,433,91,1111
201206,163,92,435,153,640,99,322,429,90,1104
201207,167,94,435,165,675,103,331,449,90,1132
201208,167,93,434,162,668,103,329,440,90,1130
201209,165,93,432,162,666,103,327,436,90,1120
201210,164,92,429,158,661,103,323,435,90,1112
201211,164,92,427,157,655,101,322,434,90,1107
201212,164,91,422,156,647,100,322,428,89,1100
201301,162,91,421,156,646,99,319,426,89,1098
201302,159,91,420,156,644,98,316,425,89,1092
201303,159,90,419,156,639,98,316,421,89,1086
201304,159,89,417,154,631,98,313,420,89,1079
201305,157,89,415,152,628,97,311,419,89,1072
201306,154,89,415,151,624,96,309,415,88,1066
201307,158,90,422,156,661,96,324,455,88,1093
201308,156,89,420,155,656,95,324,453,88,1091
201309,155,88,419,154,651,94,324,452,88,1087
201310,154,87,416,153,647,94,322,446,88,1085
201311,152,86,415,152,640,94,315,445,88,1080
201312,152,86,415,151,636,92,314,444,87,1076
201401,152,86,415,151,633,92,312,439,87,1072
201402,150,86,408,151,629,92,310,436,87,1066
201403,150,85,406,149,629,91,310,435,87,1063
201404,149,85,405,148,626,90,309,434,87,1058
201405,147,85,402,148,625,90,308,432,87,1053
201406,146,85,402,147,621,89,308,431,87,1049
201407,152,88,416,165,673,92,326,530,88,1098
201408,151,88,416,165,672,92,323,528,87,1094
201409,150,88,416,164,670,91,323,525,87,1090
201410,149,87,416,162,665,90,321,524,87,1086
201411,149,86,415,161,663,89,320,519,87,1080
201412,149,85,414,160,656,88,318,518,87,1076
201501,148,85,413,159,650,88,316,515,87,1072
201502,148,85,410,158,645,88,312,512,87,1067
201503,147,85,409,156,641,88,310,509,87,1061
201504,147,84,409,156,637,87,310,506,87,1054
201505,147,83,409,155,632,87,310,502,87,1053
201506,145,83,407,154,627,87,310,501,86,1047
201507,143,83,415,154,664,86,324,591,88,1107
201508,143,82,413,153,661,86,320,589,88,1104
201509,142,82,407,152,658,86,320,587,88,1100
201510,141,81,405,150,649,86,319,582,88,1090
201511,141,81,404,149,645,86,319,579,88,1085
201512,141,81,402,148,642,83,317,576,87,1074
201601,140,81,399,140,637,83,315,574,87,1066
201602,139,81,397,139,631,83,314,569,87,1058
201603,138,81,395,137,628,83,314,569,86,1049
201604,136,80,391,136,625,83,311,568,85,1046
201605,135,80,390,133,619,79,308,563,85,1037
201606,135,79,389,132,614,78,308,561,85,1032
201607,140,82,397,131,631,81,315,611,84,1070
201608,138,82,396,131,625,81,315,605,84,1060
201609,138,82,393,129,618,80,313,600,83,1051
201610,136,81,393,129,612,80,312,595,81,1048
201611,136,80,392,128,601,80,312,591,81,1045
201612,136,80,391,128,596,78,310,588,80,1037
201701,136,79,389,128,593,76,310,587,79,1035
201702,136,79,388,128,588,75,308,582,78,1030
201703,136,78,387,127,585,75,305,577,78,1024
201704,135,77,383,125,580,75,305,574,78,1017
201705,134,77,381,124,577,75,304,572,78,1008
201706,133,76,379,123,573,75,302,570,78,999
201707,138,79,391,144,603,76,308,615,80,1053
201708,138,79,391,143,596,75,307,612,79,1051
201709,137,79,387,143,589,75,303,610,78,1046
201710,137,79,386,142,582,74,303,604,78,1035
201711,137,79,385,140,577,71,300,600,78,1025
201712,134,79,385,138,574,71,298,595,78,1015
201801,132,79,385,138,572,71,296,595,78,1010
201802,132,79,382,138,568,70,295,589,78,1005
201803,130,78,380,138,567,68,294,586,78,1002
201804,128,78,380,134,564,68,292,582,78,994
201805,128,78,379,133,560,68,291,581,78,992
201806,126,78,377,133,557,67,290,579,77,987
201807,134,83,386,142,601,66,291,643,77,1046
201808,134,83,385,142,596,66,290,641,77,1042
201809,134,83,385,141,594,66,289,639,77,1039
201810,132,83,383,139,589,66,286,636,77,1031
201811,131,83,379,138,586,66,284,632,76,1025
201812,131,82,378,137,578,66,282,629,76,1021
201901,131,82,378,136,573,66,280,627,75,1014
201902,131,82,378,133,565,66,280,625,74,1011
201903,130,82,378,131,560,64,278,622,74,1006
201904,130,82,375,131,558,63,275,618,74,1001
201905,130,81,374,130,557,63,274,618,74,997
201906,130,81,373,130,555,63,272,615,74,996
201907,135,84,378,141,583,66,283,695,77,1028
201908,135,83,377,139,578,66,281,694,77,1022
201909,134,82,376,137,573,65,279,693,77,1016
201910,133,82,374,135,568,65,277,691,76,1012
201911,131,82,373,133,567,65,275,686,76,1005
201912,131,82,371,130,563,64,273,682,76,996
202001,131,82,369,128,562,64,272,676,76,990
202002,130,82,367,127,561,64,269,673,76,987
202003,129,82,365,127,557,63,268,673,76,986
202004,129,82,364,125,553,61,268,669,75,983
202005,128,80,362,124,552,60,266,667,75,979
202006,128,80,360,120,549,60,261,664,75,975
202007,131,83,363,122,569,62,272,724,74,1020
202008,131,83,363,120,565,61,268,724,74,1014
202009,130,82,362,118,562,61,268,723,74,1012
202010,130,82,361,115,560,61,268,717,74,1005
202011,130,82,361,113,560,60,268,714,74,1004
202012,130,82,361,113,558,59,264,710,74,1003
202101,130,82,361,110,556,59,261,707,74,1002
202102,130,82,360,110,554,58,261,704,74,999
202103,130,82,360,109,552,58,261,701,74,996
202104,130,82,360,108,544,57,260,698,74,993
202105,129,82,360,108,541,56,260,698,74,988
202106,129,82,359,108,538,55,259,697,74,984
202107,139,89,378,118,646,55,282,840,73,1217
202108,139,89,377,117,643,55,282,838,73,1212
202109,139,89,376,117,641,53,280,837,73,1207
202110,139,88,375,116,636,53,280,835,73,1196
202111,139,88,372,114,634,52,279,831,73,1186
202112,138,87,372,112,631,52,279,828,73,1180
202201,138,86,372,112,631,52,279,827,73,1171
202202,138,86,371,111,628,52,279,827,73,1163
202203,137,86,368,110,624,52,278,823,73,1161
202204,136,85,366,110,622,51,278,822,73,1154
202205,136,85,364,109,619,51,276,818,73,1147
202206,136,84,363,107,615,51,276,815,73,1143
202207,152,98,386,112,718,56,299,936,77,1329
202208,152,97,385,112,715,56,299,930,77,1323
202209,152,97,384,112,708,55,298,928,77,1320
202210,152,97,383,111,700,55,297,923,77,1305
202211,152,96,383,109,697,55,297,920,77,1297
202212,150,96,383,108,693,54,296,914,76,1235
202301,150,96,382,108,689,54,294,904,76,1226
202302,149,94,382,108,682,54,294,896,75,1218
202303,149,94,378,108,678,54,293,886,75,1198
202304,149,94,378,108,677,54,293,879,75,1187
202305,148,94,377,108,673,53,291,874,75,1174
202306,148,94,376,107,669,53,289,864,75,1163
202307,154,95,386,115,691,55,292,898,76,1194
202308,153,94,384,114,686,55,290,891,76,1178
202309,153,93,384,113,684,55,290,882,76,1170
202310,153,93,381,113,679,55,287,871,76,1159
202311,151,93,377,111,671,55,285,859,76,1153
202312,151,93,376,111,664,54,284,849,76,1131
202401,151,93,375,111,662,52,283,844,76,1126
202402,149,93,375,110,659,51,281,834,76,1121
202403,147,92,373,110,655,51,278,827,76,1109
202404,147,92,371,109,653,51,278,818,76,1096
202405,147,90,369,108,652,51,277,807,76,1085
202406,147,89,369,108,646,51,277,799,75,1076
202407,147,92,378,105,652,52,286,831,74,1151
202408,145,92,376,104,647,51,284,825,74,1137
202409,144,92,374,103,644,50,282,819,74,1123
202410,142,92,373,102,639,50,279,813,73,1112
202411,142,92,371,100,636,50,278,810,73,1096
202412,140,91,370,99,634,49,275,800,72,1083